-- TABLE KHACHANG
INSERT INTO KHACHHANG (HoTen, SDT, Email, DiaChi) VALUES ('Lý Tiểu Long', '0909111222', 'long.ly@gmail.com', 'Quận 5, TP.HCM');
INSERT INTO KHACHHANG (HoTen, SDT, Email, DiaChi) VALUES ('Bùi Xuân Huấn', '0919333444', 'huan.rose@gmail.com', 'Sơn La');
INSERT INTO KHACHHANG (HoTen, SDT, Email, DiaChi) VALUES ('Nguyễn Thanh Tùng', '0988555666', 'sky@mtp.vn', 'Thái Bình');
INSERT INTO KHACHHANG (HoTen, SDT, Email, DiaChi) VALUES ('Trần Duy Sang', '0977222888', 'sang.tra@gmail.com', 'Cần Thơ');
INSERT INTO KHACHHANG (HoTen, SDT, Email, DiaChi) VALUES ('Lê Thẩm Dương', '0933999111', 'duong.le@edu.vn', 'Hải Phòng');
INSERT INTO KHACHHANG (HoTen, SDT, Email, DiaChi) VALUES ('Phan Mạnh Quỳnh', '0944000222', 'quynh.phan@music.com', 'Nghệ An');
INSERT INTO KHACHHANG (HoTen, SDT, Email, DiaChi) VALUES ('Đặng Lê Nguyên Vũ', '0966333444', 'qua@trungnguyen.com', 'Buôn Ma Thuột');
INSERT INTO KHACHHANG (HoTen, SDT, Email, DiaChi) VALUES ('Nguyễn Phương Hằng', '0922444555', 'hang.nguyen@dai-nam.vn', 'Bình Dương');
INSERT INTO KHACHHANG (HoTen, SDT, Email, DiaChi) VALUES ('Phạm Nhật Vượng', '0901000999', 'vuong.pham@vinhomes.vn', 'Hà Nội');
INSERT INTO KHACHHANG (HoTen, SDT, Email, DiaChi) VALUES ('Trịnh Văn Quyết', '0911222333', 'quyet.trinh@flc.vn', 'Vĩnh Phúc');
INSERT INTO KHACHHANG (HoTen, SDT, Email, DiaChi) VALUES ('Nguyễn Hà Đông', '0988777666', 'dong.nguyen@flappy.com', 'Hà Nội');
INSERT INTO KHACHHANG (HoTen, SDT, Email, DiaChi) VALUES ('Võ Hoàng Yến', '0977444111', 'yen.vo@model.com', 'TP.HCM');
INSERT INTO KHACHHANG (HoTen, SDT, Email, DiaChi) VALUES ('Sơn Tùng MTP', '0933555222', 'mtp@gmail.com', 'Thái Bình');
INSERT INTO KHACHHANG (HoTen, SDT, Email, DiaChi) VALUES ('Đen Vâu', '0944666333', 'den.vau@gmail.com', 'Quảng Ninh');
INSERT INTO KHACHHANG (HoTen, SDT, Email, DiaChi) VALUES ('Binz', '0900777888', 'binz.da-poet@gmail.com', 'Gia Lai');
INSERT INTO KHACHHANG (HoTen, SDT, Email, DiaChi) VALUES ('Phan Sào Nam', '0901111000', 'nam.phan@gmail.com', 'Phú Thọ');
INSERT INTO KHACHHANG (HoTen, SDT, Email, DiaChi) VALUES ('Nguyễn Đức Chung', '0902222000', 'chung.nguyen@hanoi.gov', 'Hà Nội');
INSERT INTO KHACHHANG (HoTen, SDT, Email, DiaChi) VALUES ('Trương Mỹ Lan', '0903333000', 'lan.truong@vanthinhphat.vn', 'TP.HCM');
INSERT INTO KHACHHANG (HoTen, SDT, Email, DiaChi) VALUES ('Trần Quí Thanh', '0904444000', 'thanh.tran@thanhhiep.com', 'Bình Dương');
INSERT INTO KHACHHANG (HoTen, SDT, Email, DiaChi) VALUES ('Nguyễn Cao Trí', '0905555000', 'tri.nguyen@capella.vn', 'TP.HCM');
INSERT INTO KHACHHANG (HoTen, SDT, Email, DiaChi) VALUES ('Đỗ Anh Dũng', '0906666000', 'dung.do@tanhoangminh.com', 'Hà Nội');
INSERT INTO KHACHHANG (HoTen, SDT, Email, DiaChi) VALUES ('Nguyễn Bắc Son', '0907777000', 'son.nguyen@mobifone.vn', 'Hà Nội');
INSERT INTO KHACHHANG (HoTen, SDT, Email, DiaChi) VALUES ('Trương Minh Tuấn', '0908888000', 'tuan.truong@vn.com', 'Đà Nẵng');
INSERT INTO KHACHHANG (HoTen, SDT, Email, DiaChi) VALUES ('Đinh La Thăng', '0909999000', 'thang.dinh@petro.vn', 'TP.HCM');
INSERT INTO KHACHHANG (HoTen, SDT, Email, DiaChi) VALUES ('Vũ Nhôm', '0900000111', 'nhom.vu@danang.com', 'Đà Nẵng');

-- TABLE GAME
INSERT INTO GAME (TenGame, TheLoai, NenTang, GiaBan, GiaThueNgay) VALUES ('GTA VI', 'Open World', 'PS5/Xbox', 1800000, 80000);
INSERT INTO GAME (TenGame, TheLoai, NenTang, GiaBan, GiaThueNgay) VALUES ('Cyberpunk 2077: Phantom Liberty', 'Sci-fi RPG', 'PC', 800000, 30000);
INSERT INTO GAME (TenGame, TheLoai, NenTang, GiaBan, GiaThueNgay) VALUES ('Resident Evil 9', 'Horror', 'PC/PS5', 1450000, 55000);
INSERT INTO GAME (TenGame, TheLoai, NenTang, GiaBan, GiaThueNgay) VALUES ('Hades II', 'Roguelike', 'PC', 450000, 15000);
INSERT INTO GAME (TenGame, TheLoai, NenTang, GiaBan, GiaThueNgay) VALUES ('Marvel Spider-Man 3', 'Action', 'PS5', 1600000, 70000);
INSERT INTO GAME (TenGame, TheLoai, NenTang, GiaBan, GiaThueNgay) VALUES ('Genshin Impact Offline', 'Adventure', 'PC', 200000, 10000);
INSERT INTO GAME (TenGame, TheLoai, NenTang, GiaBan, GiaThueNgay) VALUES ('Tekken 8', 'Fighting', 'PS5', 1200000, 45000);
INSERT INTO GAME (TenGame, TheLoai, NenTang, GiaBan, GiaThueNgay) VALUES ('Final Fantasy VII Rebirth', 'RPG', 'PS5', 1550000, 65000);
INSERT INTO GAME (TenGame, TheLoai, NenTang, GiaBan, GiaThueNgay) VALUES ('Valorant Story Mode', 'FPS', 'PC', 350000, 15000);
INSERT INTO GAME (TenGame, TheLoai, NenTang, GiaBan, GiaThueNgay) VALUES ('Stardew Valley 2', 'Simulation', 'Nintendo Switch', 400000, 15000);

-- TABLE SANPHAM
INSERT INTO SANPHAM (MaSP, MaGame, GiaBan) VALUES (1, 1, 1800000);
INSERT INTO SANPHAM (MaSP, MaGame, GiaBan) VALUES (2, 2, 800000);
INSERT INTO SANPHAM (MaSP, MaGame, GiaBan) VALUES (3, 3, 1450000);
INSERT INTO SANPHAM (MaSP, MaGame, GiaBan) VALUES (4, 4, 450000);
INSERT INTO SANPHAM (MaSP, MaGame, GiaBan) VALUES (5, 5, 1600000);
INSERT INTO SANPHAM (MaSP, MaGame, GiaBan) VALUES (6, 6, 200000);
INSERT INTO SANPHAM (MaSP, MaGame, GiaBan) VALUES (7, 7, 1200000);
INSERT INTO SANPHAM (MaSP, MaGame, GiaBan) VALUES (8, 8, 1550000);
INSERT INTO SANPHAM (MaSP, MaGame, GiaBan) VALUES (9, 9, 350000);
INSERT INTO SANPHAM (MaSP, MaGame, GiaBan) VALUES (10, 10, 400000);
INSERT INTO SANPHAM (MaSP, MaGame, GiaBan) VALUES (11, 1, 1800000);
INSERT INTO SANPHAM (MaSP, MaGame, GiaBan) VALUES (12, 2, 800000);
INSERT INTO SANPHAM (MaSP, MaGame, GiaBan) VALUES (13, 3, 1450000);
INSERT INTO SANPHAM (MaSP, MaGame, GiaBan) VALUES (14, 4, 450000);
INSERT INTO SANPHAM (MaSP, MaGame, GiaBan) VALUES (15, 5, 1600000);
INSERT INTO SANPHAM (MaSP, MaGame, GiaBan) VALUES (16, 6, 200000);
INSERT INTO SANPHAM (MaSP, MaGame, GiaBan) VALUES (17, 7, 1200000);
INSERT INTO SANPHAM (MaSP, MaGame, GiaBan) VALUES (18, 8, 1550000);
INSERT INTO SANPHAM (MaSP, MaGame, GiaBan) VALUES (19, 9, 350000);
INSERT INTO SANPHAM (MaSP, MaGame, GiaBan) VALUES (20, 10, 400000);

-- TABLE CD
INSERT INTO CD (MaSP, TinhTrang) VALUES (1, 'Mới');
INSERT INTO CD (MaSP, TinhTrang) VALUES (2, '99%');
INSERT INTO CD (MaSP, TinhTrang) VALUES (3, 'Mới');
INSERT INTO CD (MaSP, TinhTrang) VALUES (4, 'Cũ');
INSERT INTO CD (MaSP, TinhTrang) VALUES (5, 'Mới');
INSERT INTO CD (MaSP, TinhTrang) VALUES (11, 'Like New');
INSERT INTO CD (MaSP, TinhTrang) VALUES (12, 'Mới');
INSERT INTO CD (MaSP, TinhTrang) VALUES (13, 'Mới');
INSERT INTO CD (MaSP, TinhTrang) VALUES (14, 'Cũ');
INSERT INTO CD (MaSP, TinhTrang) VALUES (15, 'Trầy nhẹ');

-- TABLE ROM
INSERT INTO ROM (MaSP, DungLuong, LinkLuuTru, SoLuotBan) VALUES (6, '60GB', 'link.com/genshin', 100);
INSERT INTO ROM (MaSP, DungLuong, LinkLuuTru, SoLuotBan) VALUES (7, '40GB', 'link.com/tekken8', 50);
INSERT INTO ROM (MaSP, DungLuong, LinkLuuTru, SoLuotBan) VALUES (8, '80GB', 'link.com/ff7', 80);
INSERT INTO ROM (MaSP, DungLuong, LinkLuuTru, SoLuotBan) VALUES (9, '30GB', 'link.com/valorant', 200);
INSERT INTO ROM (MaSP, DungLuong, LinkLuuTru, SoLuotBan) VALUES (10, '5GB', 'link.com/stardew', 300);
INSERT INTO ROM (MaSP, DungLuong, LinkLuuTru, SoLuotBan) VALUES (16, '60GB', 'mirror.link/genshin', 1500);
INSERT INTO ROM (MaSP, DungLuong, LinkLuuTru, SoLuotBan) VALUES (17, '40GB', 'mirror.link/tekken', 300);
INSERT INTO ROM (MaSP, DungLuong, LinkLuuTru, SoLuotBan) VALUES (18, '85GB', 'mirror.link/ff7', 450);
INSERT INTO ROM (MaSP, DungLuong, LinkLuuTru, SoLuotBan) VALUES (19, '35GB', 'mirror.link/valorant', 120);
INSERT INTO ROM (MaSP, DungLuong, LinkLuuTru, SoLuotBan) VALUES (20, '6GB', 'mirror.link/stardew', 900);

-- TABLE HOADON
INSERT INTO HOADON (MaHD, MaKH, NgayLap, TongTien) VALUES (1, 1, TIMESTAMP '2026-04-01 10:00:00', 1800000);
INSERT INTO HOADON (MaHD, MaKH, NgayLap, TongTien) VALUES (2, 2, TIMESTAMP '2026-04-02 11:00:00', 800000);
INSERT INTO HOADON (MaHD, MaKH, NgayLap, TongTien) VALUES (3, 3, TIMESTAMP '2026-04-03 12:00:00', 1450000);
INSERT INTO HOADON (MaHD, MaKH, NgayLap, TongTien) VALUES (4, 4, TIMESTAMP '2026-04-04 13:00:00', 450000);
INSERT INTO HOADON (MaHD, MaKH, NgayLap, TongTien) VALUES (5, 5, TIMESTAMP '2026-04-05 14:00:00', 1600000);
INSERT INTO HOADON (MaHD, MaKH, NgayLap, TongTien) VALUES (16, 16, TIMESTAMP '2026-04-16 09:00:00', 350000);
INSERT INTO HOADON (MaHD, MaKH, NgayLap, TongTien) VALUES (17, 17, TIMESTAMP '2026-04-16 10:00:00', 400000);
INSERT INTO HOADON (MaHD, MaKH, NgayLap, TongTien) VALUES (18, 18, TIMESTAMP '2026-04-17 11:00:00', 1200000);
INSERT INTO HOADON (MaHD, MaKH, NgayLap, TongTien) VALUES (19, 19, TIMESTAMP '2026-04-17 14:00:00', 1550000);
INSERT INTO HOADON (MaHD, MaKH, NgayLap, TongTien) VALUES (20, 20, TIMESTAMP '2026-04-18 15:30:00', 200000);
INSERT INTO HOADON (MaHD, MaKH, NgayLap, TongTien) VALUES (21, 21, TIMESTAMP '2026-04-18 16:00:00', 1800000);
INSERT INTO HOADON (MaHD, MaKH, NgayLap, TongTien) VALUES (22, 22, TIMESTAMP '2026-04-19 08:00:00', 800000);
INSERT INTO HOADON (MaHD, MaKH, NgayLap, TongTien) VALUES (23, 23, TIMESTAMP '2026-04-19 10:00:00', 1450000);
INSERT INTO HOADON (MaHD, MaKH, NgayLap, TongTien) VALUES (24, 24, TIMESTAMP '2026-04-20 12:00:00', 450000);
INSERT INTO HOADON (MaHD, MaKH, NgayLap, TongTien) VALUES (25, 25, TIMESTAMP '2026-04-20 14:00:00', 1600000);

-- TABLE CTHOADON
INSERT INTO CTHOADON (MaHD, MaSP, SoLuong, DonGia) VALUES (1, 6, 1, 1800000);
INSERT INTO CTHOADON (MaHD, MaSP, SoLuong, DonGia) VALUES (2, 7, 1, 800000);
INSERT INTO CTHOADON (MaHD, MaSP, SoLuong, DonGia) VALUES (3, 8, 1, 1450000);
INSERT INTO CTHOADON (MaHD, MaSP, SoLuong, DonGia) VALUES (4, 9, 1, 450000);
INSERT INTO CTHOADON (MaHD, MaSP, SoLuong, DonGia) VALUES (5, 10, 1, 1600000);
INSERT INTO CTHOADON (MaHD, MaSP, SoLuong, DonGia) VALUES (16, 19, 1, 350000);
INSERT INTO CTHOADON (MaHD, MaSP, SoLuong, DonGia) VALUES (17, 20, 1, 400000);
INSERT INTO CTHOADON (MaHD, MaSP, SoLuong, DonGia) VALUES (18, 17, 1, 1200000);
INSERT INTO CTHOADON (MaHD, MaSP, SoLuong, DonGia) VALUES (19, 18, 1, 1550000);
INSERT INTO CTHOADON (MaHD, MaSP, SoLuong, DonGia) VALUES (20, 16, 1, 200000);
INSERT INTO CTHOADON (MaHD, MaSP, SoLuong, DonGia) VALUES (21, 11, 1, 1800000);
INSERT INTO CTHOADON (MaHD, MaSP, SoLuong, DonGia) VALUES (22, 12, 1, 800000);
INSERT INTO CTHOADON (MaHD, MaSP, SoLuong, DonGia) VALUES (23, 13, 1, 1450000);
INSERT INTO CTHOADON (MaHD, MaSP, SoLuong, DonGia) VALUES (24, 14, 1, 450000);
INSERT INTO CTHOADON (MaHD, MaSP, SoLuong, DonGia) VALUES (25, 15, 1, 1600000);

-- TABLE PHIEUTHUE
INSERT INTO PHIEUTHUE (MaPT, MaKH, NgayThue, NgayTraDuKien, NgayTraThucTe, TienCoc, TienPhat) 
VALUES (1, 6, TIMESTAMP '2026-04-10 08:00:00', TIMESTAMP '2026-04-15 08:00:00', TIMESTAMP '2026-04-15 08:00:00', 200000, 0);
INSERT INTO PHIEUTHUE (MaPT, MaKH, NgayThue, NgayTraDuKien, NgayTraThucTe, TienCoc, TienPhat) 
VALUES (2, 7, TIMESTAMP '2026-04-10 08:00:00', TIMESTAMP '2026-04-15 08:00:00', TIMESTAMP '2026-04-16 08:00:00', 200000, 20000);
INSERT INTO PHIEUTHUE (MaPT, MaKH, NgayThue, NgayTraDuKien, TienCoc, TienPhat) 
VALUES (3, 8, TIMESTAMP '2026-04-20 08:00:00', TIMESTAMP '2026-04-25 08:00:00', 200000, 0);
INSERT INTO PHIEUTHUE (MaPT, MaKH, NgayThue, NgayTraDuKien, NgayTraThucTe, TienCoc, TienPhat) 
VALUES (11, 11, TIMESTAMP '2026-04-10 08:00:00', TIMESTAMP '2026-04-15 08:00:00', TIMESTAMP '2026-04-15 08:00:00', 200000, 0);
INSERT INTO PHIEUTHUE (MaPT, MaKH, NgayThue, NgayTraDuKien, NgayTraThucTe, TienCoc, TienPhat) 
VALUES (12, 12, TIMESTAMP '2026-04-01 08:00:00', TIMESTAMP '2026-04-05 08:00:00', TIMESTAMP '2026-04-20 08:00:00', 500000, 300000);
INSERT INTO PHIEUTHUE (MaPT, MaKH, NgayThue, NgayTraDuKien, TienCoc, TienPhat) 
VALUES (13, 13, TIMESTAMP '2026-04-21 08:00:00', TIMESTAMP '2026-04-26 08:00:00', 200000, 0);
INSERT INTO PHIEUTHUE (MaPT, MaKH, NgayThue, NgayTraDuKien, TienCoc, TienPhat) 
VALUES (14, 14, TIMESTAMP '2026-04-21 09:00:00', TIMESTAMP '2026-04-26 09:00:00', 200000, 0);
INSERT INTO PHIEUTHUE (MaPT, MaKH, NgayThue, NgayTraDuKien, TienCoc, TienPhat) 
VALUES (15, 15, TIMESTAMP '2026-04-21 10:00:00', TIMESTAMP '2026-04-26 10:00:00', 200000, 0);

-- TABLE CTPHIEUTHUE
INSERT INTO CTPHIEUTHUE (MaPT, MaSP) VALUES (1, 1);
INSERT INTO CTPHIEUTHUE (MaPT, MaSP) VALUES (2, 2);
INSERT INTO CTPHIEUTHUE (MaPT, MaSP) VALUES (3, 3);
INSERT INTO CTPHIEUTHUE (MaPT, MaSP) VALUES (11, 11);
INSERT INTO CTPHIEUTHUE (MaPT, MaSP) VALUES (12, 12);
INSERT INTO CTPHIEUTHUE (MaPT, MaSP) VALUES (13, 13);
INSERT INTO CTPHIEUTHUE (MaPT, MaSP) VALUES (14, 14);
INSERT INTO CTPHIEUTHUE (MaPT, MaSP) VALUES (15, 15);
